gbifID,species,infraspecificEpithet,scientificName,decimalLatitude,decimalLongitude,
3005118134,Panthera tigris,altaica,"Panthera tigris altaica Temminck, 1844",43.438399,131.422279,
2826212587,Panthera tigris,altaica,"Panthera tigris altaica Temminck, 1844",42.989818,132.890286,
2640783323,Panthera tigris,altaica,"Panthera tigris altaica Temminck, 1844",47.231388,6.0325,
2640783308,Panthera tigris,altaica,"Panthera tigris altaica Temminck, 1844",47.231388,6.0325,
2580322266,Panthera tigris,altaica,"Panthera tigris altaica Temminck, 1844",46.653421,135.844293,
2309501945,Panthera tigris,altaica,"Panthera tigris altaica Temminck, 1844",29.24,79.28,
1809982003,Panthera tigris,altaica,"Panthera tigris altaica Temminck, 1844",63.25,14.75,
896996583,Panthera tigris,altaica,"Panthera tigris altaica Temminck, 1844",61.21749731620650,-149.90208853622800,
865739455,Panthera tigris,altaica,"Panthera tigris altaica Temminck, 1844",60.0,105.0,
861701205,Panthera tigris,altaica,"Panthera tigris altaica Temminck, 1844",44.5002,-90.0004,
861701155,Panthera tigris,altaica,"Panthera tigris altaica Temminck, 1844",44.5002,-90.0004,
583514995,Panthera tigris,altaica,"Panthera tigris altaica Temminck, 1844",38.63529757645880,-90.29505045345600,
3044735068,Panthera tigris,tigris,Panthera tigris tigris,20.394189,79.355913,
3039339099,Panthera tigris,tigris,Panthera tigris tigris,21.801769,89.666612,
3032081010,Panthera tigris,tigris,Panthera tigris tigris,20.315638,79.244449,
3032073957,Panthera tigris,tigris,Panthera tigris tigris,26.009602,76.453848,
3032057874,Panthera tigris,tigris,Panthera tigris tigris,22.22521,80.792048,
3018149173,Panthera tigris,tigris,Panthera tigris tigris,26.006496,76.462588,
3013999297,Panthera tigris,tigris,Panthera tigris tigris,11.997493,76.068651,
3013910723,Panthera tigris,tigris,Panthera tigris tigris,25.50335,76.938112,
2999070190,Panthera tigris,tigris,Panthera tigris tigris,11.662459,76.44762,
2992660447,Panthera tigris,tigris,Panthera tigris tigris,22.15943,80.645541,
2988581750,Panthera tigris,tigris,Panthera tigris tigris,27.54084,84.542386,
2988528104,Panthera tigris,tigris,Panthera tigris tigris,22.123081,88.690503,
2984361956,Panthera tigris,tigris,Panthera tigris tigris,26.097825,76.500154,
2980849637,Panthera tigris,tigris,Panthera tigris tigris,28.444478,81.358527,
2963953832,Panthera tigris,tigris,Panthera tigris tigris,22.274194,80.729555,
2963847823,Panthera tigris,tigris,Panthera tigris tigris,23.759835,80.910633,
2963839175,Panthera tigris,tigris,Panthera tigris tigris,11.828227,76.310739,
2898428266,Panthera tigris,tigris,Panthera tigris tigris,22.266345,80.686471,
2898418926,Panthera tigris,tigris,Panthera tigris tigris,22.039869,79.604164,
2898355239,Panthera tigris,tigris,Panthera tigris tigris,23.653228,80.906328,
2898352247,Panthera tigris,tigris,Panthera tigris tigris,23.767513,80.80785,
2898303205,Panthera tigris,tigris,Panthera tigris tigris,23.773304,80.975149,
2898300285,Panthera tigris,tigris,Panthera tigris tigris,22.370372,80.700641,
2898287224,Panthera tigris,tigris,Panthera tigris tigris,23.700383,80.874886,
2898277253,Panthera tigris,tigris,Panthera tigris tigris,23.695917,80.980838,
2883230306,Panthera tigris,tigris,Panthera tigris tigris,20.321888,79.266354,
2883109380,Panthera tigris,tigris,Panthera tigris tigris,22.230497,80.725015,
2873984602,Panthera tigris,tigris,Panthera tigris tigris,11.799619,76.645235,
2873931674,Panthera tigris,tigris,Panthera tigris tigris,26.77319,93.367749,
2873761077,Panthera tigris,tigris,Panthera tigris tigris,11.6839,76.744573,
2868364832,Panthera tigris,tigris,Panthera tigris tigris,23.729371,80.94355,
2868360813,Panthera tigris,tigris,Panthera tigris tigris,23.696047,80.850199,
2864754081,Panthera tigris,tigris,Panthera tigris tigris,12.004805,76.136315,
2862501016,Panthera tigris,tigris,Panthera tigris tigris,23.750506,80.830447,
2862495985,Panthera tigris,tigris,Panthera tigris tigris,29.432963,79.002341,
2862488146,Panthera tigris,tigris,Panthera tigris tigris,20.2275,79.222737,
2862443003,Panthera tigris,tigris,Panthera tigris tigris,22.228536,80.709805,
2862328023,Panthera tigris,tigris,Panthera tigris tigris,26.153528,76.509891,
2862294589,Panthera tigris,tigris,Panthera tigris tigris,22.21713,80.653483,
2862294179,Panthera tigris,tigris,Panthera tigris tigris,23.791808,80.867156,
2856773050,Panthera tigris,tigris,Panthera tigris tigris,23.713063,80.917989,
2856770008,Panthera tigris,tigris,Panthera tigris tigris,23.753574,80.897375,
2856719009,Panthera tigris,tigris,Panthera tigris tigris,23.70468,80.954899,
2856697003,Panthera tigris,tigris,Panthera tigris tigris,23.634911,80.985329,
2856695047,Panthera tigris,tigris,Panthera tigris tigris,23.69564,80.97305,
2856657035,Panthera tigris,tigris,Panthera tigris tigris,23.766048,80.952427,
2856654052,Panthera tigris,tigris,Panthera tigris tigris,23.640039,80.986228,
2856636012,Panthera tigris,tigris,Panthera tigris tigris,23.706108,80.813608,
2856628041,Panthera tigris,tigris,Panthera tigris tigris,23.787903,80.805732,
2856562043,Panthera tigris,tigris,Panthera tigris tigris,23.767258,80.932738,
2856560041,Panthera tigris,tigris,Panthera tigris tigris,23.75566,80.969094,
2856555047,Panthera tigris,tigris,Panthera tigris tigris,23.738134,80.85507,
2856551796,Panthera tigris,tigris,Panthera tigris tigris,22.214429,80.673901,
2856539054,Panthera tigris,tigris,Panthera tigris tigris,23.747197,80.90955,
2856535067,Panthera tigris,tigris,Panthera tigris tigris,23.688588,80.9889,
2856520009,Panthera tigris,tigris,Panthera tigris tigris,23.742603,80.915318,
2856513065,Panthera tigris,tigris,Panthera tigris tigris,23.739932,80.816725,
2856512776,Panthera tigris,tigris,Panthera tigris tigris,22.330878,80.7374,
2856496036,Panthera tigris,tigris,Panthera tigris tigris,23.680864,80.811149,
2856488032,Panthera tigris,tigris,Panthera tigris tigris,23.635714,80.824409,
2856478046,Panthera tigris,tigris,Panthera tigris tigris,23.72374,80.996014,
2856475012,Panthera tigris,tigris,Panthera tigris tigris,23.693542,80.862766,
2851319887,Panthera tigris,tigris,Panthera tigris tigris,21.653172,79.354777,
2851319881,Panthera tigris,tigris,Panthera tigris tigris,23.680348,80.896492,
2851298516,Panthera tigris,tigris,Panthera tigris tigris,20.396256,79.358394,
2851282960,Panthera tigris,tigris,Panthera tigris tigris,29.406196,78.726919,
2851273130,Panthera tigris,tigris,Panthera tigris tigris,20.858925,79.440882,
2851260770,Panthera tigris,tigris,Panthera tigris tigris,23.746331,80.962021,
2851255128,Panthera tigris,tigris,Panthera tigris tigris,20.289454,79.398738,
2851232402,Panthera tigris,tigris,Panthera tigris tigris,26.16551,76.461089,
2851224666,Panthera tigris,tigris,Panthera tigris tigris,29.438787,78.724089,
2851202403,Panthera tigris,tigris,Panthera tigris tigris,26.026735,76.570996,
2851200829,Panthera tigris,tigris,Panthera tigris tigris,26.044391,76.414751,
2851197196,Panthera tigris,tigris,Panthera tigris tigris,20.379639,79.38837,
2851196189,Panthera tigris,tigris,Panthera tigris tigris,20.211601,79.267941,
2851189438,Panthera tigris,tigris,Panthera tigris tigris,26.180931,76.403823,
2851182131,Panthera tigris,tigris,Panthera tigris tigris,20.36124,79.351624,
2851180819,Panthera tigris,tigris,Panthera tigris tigris,23.716134,81.037218,
2851173389,Panthera tigris,tigris,Panthera tigris tigris,26.155074,76.481852,
2851164487,Panthera tigris,tigris,Panthera tigris tigris,26.022361,76.552555,
2851164486,Panthera tigris,tigris,Panthera tigris tigris,26.076558,76.47712,
2851161394,Panthera tigris,tigris,Panthera tigris tigris,26.108515,76.432536,
2851152459,Panthera tigris,tigris,Panthera tigris tigris,22.268311,80.615578,
2851139349,Panthera tigris,tigris,Panthera tigris tigris,26.166355,76.557486,
2851136712,Panthera tigris,tigris,Panthera tigris tigris,20.365659,79.345622,
2851128832,Panthera tigris,tigris,Panthera tigris tigris,22.218377,80.692863,
2851125924,Panthera tigris,tigris,Panthera tigris tigris,21.694299,79.365296,
2851121873,Panthera tigris,tigris,Panthera tigris tigris,21.723104,79.274657,
2851114677,Panthera tigris,tigris,Panthera tigris tigris,23.640664,81.007217,
2851112814,Panthera tigris,tigris,Panthera tigris tigris,26.163871,76.539779,
2851110969,Panthera tigris,tigris,Panthera tigris tigris,29.486663,78.696683,
2851110967,Panthera tigris,tigris,Panthera tigris tigris,20.324763,79.294988,
2851102341,Panthera tigris,tigris,Panthera tigris tigris,26.168424,76.559597,
2851089781,Panthera tigris,tigris,Panthera tigris tigris,23.645994,81.089754,
2851079441,Panthera tigris,tigris,Panthera tigris tigris,26.135727,76.510432,
2851070707,Panthera tigris,tigris,Panthera tigris tigris,23.684906,80.872444,
2851067569,Panthera tigris,tigris,Panthera tigris tigris,26.090356,76.515538,
2851065313,Panthera tigris,tigris,Panthera tigris tigris,26.106118,76.438572,
2851061552,Panthera tigris,tigris,Panthera tigris tigris,26.006341,76.409438,
2851061400,Panthera tigris,tigris,Panthera tigris tigris,20.328074,79.238543,
2851059565,Panthera tigris,tigris,Panthera tigris tigris,26.070765,76.451785,
2851055808,Panthera tigris,tigris,Panthera tigris tigris,26.12932,76.525395,
2851049949,Panthera tigris,tigris,Panthera tigris tigris,20.368974,79.283022,
2851044775,Panthera tigris,tigris,Panthera tigris tigris,23.687317,81.188332,
2851042784,Panthera tigris,tigris,Panthera tigris tigris,23.672531,81.096047,
2851030823,Panthera tigris,tigris,Panthera tigris tigris,22.29627,80.702958,
2851028653,Panthera tigris,tigris,Panthera tigris tigris,26.167058,76.47786,
2851023001,Panthera tigris,tigris,Panthera tigris tigris,22.11824,79.499418,
2851015001,Panthera tigris,tigris,Panthera tigris tigris,23.698435,81.164605,
2850996996,Panthera tigris,tigris,Panthera tigris tigris,20.291409,79.356892,
2850984197,Panthera tigris,tigris,Panthera tigris tigris,26.03275,76.413131,
2850932199,Panthera tigris,tigris,Panthera tigris tigris,26.153936,76.517305,
2850924397,Panthera tigris,tigris,Panthera tigris tigris,28.42096,80.780172,
2850901408,Panthera tigris,tigris,Panthera tigris tigris,28.237485,80.448009,
2850894898,Panthera tigris,tigris,Panthera tigris tigris,21.616698,79.363084,
2850894891,Panthera tigris,tigris,Panthera tigris tigris,23.631606,80.856465,
2850872352,Panthera tigris,tigris,Panthera tigris tigris,26.106276,76.551426,
2850863813,Panthera tigris,tigris,Panthera tigris tigris,22.338575,80.779123,
2850862780,Panthera tigris,tigris,Panthera tigris tigris,26.084055,76.585311,
2850862644,Panthera tigris,tigris,Panthera tigris tigris,23.696646,80.929207,
2850861016,Panthera tigris,tigris,Panthera tigris tigris,20.301661,79.397688,
2850848128,Panthera tigris,tigris,Panthera tigris tigris,20.364221,79.279692,
2850844936,Panthera tigris,tigris,Panthera tigris tigris,20.229589,79.281171,
2850843887,Panthera tigris,tigris,Panthera tigris tigris,23.796479,80.913917,
2850788487,Panthera tigris,tigris,Panthera tigris tigris,28.253423,80.575301,
2850772806,Panthera tigris,tigris,Panthera tigris tigris,20.282722,79.265882,
2850772141,Panthera tigris,tigris,Panthera tigris tigris,20.318913,79.345333,
2850771788,Panthera tigris,tigris,Panthera tigris tigris,23.750705,80.845143,
2850769977,Panthera tigris,tigris,Panthera tigris tigris,20.331929,79.272192,
2850769806,Panthera tigris,tigris,Panthera tigris tigris,23.630056,81.078279,
2850761152,Panthera tigris,tigris,Panthera tigris tigris,20.332938,79.394142,
2850759654,Panthera tigris,tigris,Panthera tigris tigris,23.77871,80.814519,
2850754482,Panthera tigris,tigris,Panthera tigris tigris,26.112663,76.540018,
2850749130,Panthera tigris,tigris,Panthera tigris tigris,26.082815,76.568569,
2850747204,Panthera tigris,tigris,Panthera tigris tigris,20.289737,79.212796,
2850741706,Panthera tigris,tigris,Panthera tigris tigris,26.075601,76.436113,
2850740874,Panthera tigris,tigris,Panthera tigris tigris,26.179837,76.537355,
2850737603,Panthera tigris,tigris,Panthera tigris tigris,20.360828,79.308927,
2850735424,Panthera tigris,tigris,Panthera tigris tigris,22.208379,80.751271,
2850731572,Panthera tigris,tigris,Panthera tigris tigris,20.214515,79.363884,
2850719343,Panthera tigris,tigris,Panthera tigris tigris,28.322341,80.492495,
2850709880,Panthera tigris,tigris,Panthera tigris tigris,26.06084,76.505806,
2850707999,Panthera tigris,tigris,Panthera tigris tigris,20.254756,79.228922,
2850705458,Panthera tigris,tigris,Panthera tigris tigris,28.362919,80.594477,
2850703792,Panthera tigris,tigris,Panthera tigris tigris,23.416145,80.954745,
2850703374,Panthera tigris,tigris,Panthera tigris tigris,26.168945,76.42639,
2850698506,Panthera tigris,tigris,Panthera tigris tigris,26.006769,76.462215,
2850691803,Panthera tigris,tigris,Panthera tigris tigris,25.959402,76.472341,
2850681051,Panthera tigris,tigris,Panthera tigris tigris,20.37635,79.373408,
2850681045,Panthera tigris,tigris,Panthera tigris tigris,20.309417,79.276437,
2850680137,Panthera tigris,tigris,Panthera tigris tigris,20.221933,79.385187,
2850678980,Panthera tigris,tigris,Panthera tigris tigris,20.352003,79.360969,
2850674116,Panthera tigris,tigris,Panthera tigris tigris,20.217989,79.251782,
2850673965,Panthera tigris,tigris,Panthera tigris tigris,26.114833,76.457146,
2850668430,Panthera tigris,tigris,Panthera tigris tigris,20.304434,79.295668,
2850668365,Panthera tigris,tigris,Panthera tigris tigris,20.396179,79.371302,
2850665774,Panthera tigris,tigris,Panthera tigris tigris,23.653857,80.801888,
2850664316,Panthera tigris,tigris,Panthera tigris tigris,21.205863,79.847076,
2850660794,Panthera tigris,tigris,Panthera tigris tigris,25.85343,76.532525,
2850660387,Panthera tigris,tigris,Panthera tigris tigris,20.865442,79.220725,
2850659336,Panthera tigris,tigris,Panthera tigris tigris,26.002435,76.583409,
2850643877,Panthera tigris,tigris,Panthera tigris tigris,20.246119,79.285604,
2850643401,Panthera tigris,tigris,Panthera tigris tigris,26.023677,76.547001,
2850642437,Panthera tigris,tigris,Panthera tigris tigris,26.101857,76.468994,
2850630360,Panthera tigris,tigris,Panthera tigris tigris,26.044208,76.486017,
2850619023,Panthera tigris,tigris,Panthera tigris tigris,26.070984,76.423109,
2850617940,Panthera tigris,tigris,Panthera tigris tigris,11.647809,76.459604,
2850599187,Panthera tigris,tigris,Panthera tigris tigris,26.071713,76.466188,
2850567993,Panthera tigris,tigris,Panthera tigris tigris,26.625514,93.391121,
2850549047,Panthera tigris,tigris,Panthera tigris tigris,20.357617,79.217384,
2850540002,Panthera tigris,tigris,Panthera tigris tigris,26.008359,76.566963,
2826544133,Panthera tigris,tigris,Panthera tigris tigris,23.660285,81.16964,
2826529199,Panthera tigris,tigris,Panthera tigris tigris,22.311913,80.601818,
2826528221,Panthera tigris,tigris,Panthera tigris tigris,22.269101,80.706478,
2826526167,Panthera tigris,tigris,Panthera tigris tigris,23.789095,81.146955,
2826526166,Panthera tigris,tigris,Panthera tigris tigris,23.753334,81.086119,
2826524143,Panthera tigris,tigris,Panthera tigris tigris,22.297487,80.677088,
2826523872,Panthera tigris,tigris,Panthera tigris tigris,22.299296,80.738112,
2826520547,Panthera tigris,tigris,Panthera tigris tigris,22.278168,80.636824,
2826515111,Panthera tigris,tigris,Panthera tigris tigris,23.662295,81.070504,
2826506203,Panthera tigris,tigris,Panthera tigris tigris,22.376207,80.701628,
2826491834,Panthera tigris,tigris,Panthera tigris tigris,22.238769,80.683781,
2826486851,Panthera tigris,tigris,Panthera tigris tigris,22.324401,80.748793,
2826475218,Panthera tigris,tigris,Panthera tigris tigris,23.68056,81.13731,
2826469594,Panthera tigris,tigris,Panthera tigris tigris,22.213809,80.633951,
2826468244,Panthera tigris,tigris,Panthera tigris tigris,23.620756,81.101782,
2826467599,Panthera tigris,tigris,Panthera tigris tigris,26.145268,76.436301,
2826447566,Panthera tigris,tigris,Panthera tigris tigris,22.229374,80.613466,
2826434847,Panthera tigris,tigris,Panthera tigris tigris,23.607384,81.120528,
2826430885,Panthera tigris,tigris,Panthera tigris tigris,23.755708,81.069108,
2826328652,Panthera tigris,tigris,Panthera tigris tigris,22.310438,80.676355,
2826314590,Panthera tigris,tigris,Panthera tigris tigris,23.754277,81.115133,
2826267223,Panthera tigris,tigris,Panthera tigris tigris,23.704949,81.088968,
2826256235,Panthera tigris,tigris,Panthera tigris tigris,22.315863,80.761158,
2826248273,Panthera tigris,tigris,Panthera tigris tigris,22.267107,80.778567,
2826229256,Panthera tigris,tigris,Panthera tigris tigris,22.328103,80.754447,
2826229255,Panthera tigris,tigris,Panthera tigris tigris,23.753745,81.084433,
2826223225,Panthera tigris,tigris,Panthera tigris tigris,23.677819,81.05277,
2826218299,Panthera tigris,tigris,Panthera tigris tigris,28.011489,82.084714,
2826207806,Panthera tigris,tigris,Panthera tigris tigris,28.524831,80.702283,
2826141745,Panthera tigris,tigris,Panthera tigris tigris,26.435547,93.147211,
2826140500,Panthera tigris,tigris,Panthera tigris tigris,25.969164,76.421028,
2823444705,Panthera tigris,tigris,Panthera tigris tigris,26.011586,76.443573,
2823438635,Panthera tigris,tigris,Panthera tigris tigris,26.067872,76.454841,
2823425612,Panthera tigris,tigris,Panthera tigris tigris,22.305061,80.772921,
2823121302,Panthera tigris,tigris,Panthera tigris tigris,21.876609,89.003233,
2818609363,Panthera tigris,tigris,Panthera tigris tigris,21.650199,79.347308,
2818584110,Panthera tigris,tigris,Panthera tigris tigris,21.654513,79.362427,
2818557608,Panthera tigris,tigris,Panthera tigris tigris,20.278396,79.354619,
2818539600,Panthera tigris,tigris,Panthera tigris tigris,12.111053,76.110625,
2818508372,Panthera tigris,tigris,Panthera tigris tigris,27.463535,84.444174,
2814199345,Panthera tigris,tigris,Panthera tigris tigris,29.504389,78.885001,
2814180060,Panthera tigris,tigris,Panthera tigris tigris,26.167644,76.497318,
2813960228,Panthera tigris,tigris,Panthera tigris tigris,29.401666,78.922365,
2813888799,Panthera tigris,tigris,Panthera tigris tigris,26.182272,76.205089,
2802838907,Panthera tigris,tigris,Panthera tigris tigris,20.375734,79.227143,
2802831995,Panthera tigris,tigris,Panthera tigris tigris,21.324826,79.84394,
2802763917,Panthera tigris,tigris,Panthera tigris tigris,21.362131,79.978269,
2634623325,Panthera tigris,tigris,Panthera tigris tigris,23.721088,81.087395,
2634558601,Panthera tigris,tigris,Panthera tigris tigris,26.149192,76.47359,
2634532289,Panthera tigris,tigris,Panthera tigris tigris,23.72147,81.038335,
2634464499,Panthera tigris,tigris,Panthera tigris tigris,26.003569,76.476695,
2633967879,Panthera tigris,tigris,Panthera tigris tigris,26.114199,76.432929,
2626589941,Panthera tigris,tigris,Panthera tigris tigris,29.423024,78.702587,
2626147769,Panthera tigris,tigris,Panthera tigris tigris,11.744942,76.507549,
2619916469,Panthera tigris,tigris,Panthera tigris tigris,29.54346,79.004941,
2619895735,Panthera tigris,tigris,Panthera tigris tigris,29.572458,79.009876,
2611348120,Panthera tigris,tigris,Panthera tigris tigris,26.08676,76.447868,
2611134008,Panthera tigris,tigris,Panthera tigris tigris,29.497744,78.732211,
2610966008,Panthera tigris,tigris,Panthera tigris tigris,26.108538,76.410218,
2609212175,Panthera tigris,tigris,Panthera tigris tigris,25.864424,76.261552,
2609079018,Panthera tigris,tigris,Panthera tigris tigris,24.611686,79.935024,
2598684278,Panthera tigris,tigris,Panthera tigris tigris,21.762953,79.339111,
2598681673,Panthera tigris,tigris,Panthera tigris tigris,26.027479,76.455574,
2598680750,Panthera tigris,tigris,Panthera tigris tigris,26.577532,93.17112,
2598678173,Panthera tigris,tigris,Panthera tigris tigris,20.207874,79.346527,
2598678168,Panthera tigris,tigris,Panthera tigris tigris,20.357914,79.310318,
2598677671,Panthera tigris,tigris,Panthera tigris tigris,20.357719,79.310585,
2598677603,Panthera tigris,tigris,Panthera tigris tigris,20.360592,79.322388,
2598677602,Panthera tigris,tigris,Panthera tigris tigris,20.230484,79.38134,
2598674606,Panthera tigris,tigris,Panthera tigris tigris,29.530014,78.774658,
2598674605,Panthera tigris,tigris,Panthera tigris tigris,27.328491,76.433167,
2598666428,Panthera tigris,tigris,Panthera tigris tigris,26.027479,76.455574,
2598665484,Panthera tigris,tigris,Panthera tigris tigris,29.530014,78.774658,
2598663275,Panthera tigris,tigris,Panthera tigris tigris,21.762953,79.339111,
2598661439,Panthera tigris,tigris,Panthera tigris tigris,26.028839,76.42408,
2598661312,Panthera tigris,tigris,Panthera tigris tigris,26.753288,91.216637,
2598661108,Panthera tigris,tigris,Panthera tigris tigris,26.027479,76.455574,
2597913024,Panthera tigris,tigris,Panthera tigris tigris,20.314069,79.202403,
2597905045,Panthera tigris,tigris,Panthera tigris tigris,20.329582,79.290922,
2597892052,Panthera tigris,tigris,Panthera tigris tigris,20.347149,79.231793,
2597865525,Panthera tigris,tigris,Panthera tigris tigris,21.65793,79.372336,
2597861566,Panthera tigris,tigris,Panthera tigris tigris,22.395806,80.495559,
2597859968,Panthera tigris,tigris,Panthera tigris tigris,26.187507,76.528712,
2597858570,Panthera tigris,tigris,Panthera tigris tigris,25.993051,76.433689,
2597847587,Panthera tigris,tigris,Panthera tigris tigris,23.443768,81.034386,
2597773843,Panthera tigris,tigris,Panthera tigris tigris,29.507913,78.651429,
2597760835,Panthera tigris,tigris,Panthera tigris tigris,29.571031,78.705822,
2597746577,Panthera tigris,tigris,Panthera tigris tigris,23.420853,81.128253,
2597724484,Panthera tigris,tigris,Panthera tigris tigris,21.719979,79.30424,
2596439175,Panthera tigris,tigris,Panthera tigris tigris,26.151748,76.478911,
2596267360,Panthera tigris,tigris,Panthera tigris tigris,11.713372,76.560437,
2596140343,Panthera tigris,tigris,Panthera tigris tigris,26.986031,77.140618,
2579267427,Panthera tigris,tigris,Panthera tigris tigris,26.197773,76.459376,
2579222462,Panthera tigris,tigris,Panthera tigris tigris,22.478994,78.563823,
2576489125,Panthera tigris,tigris,Panthera tigris tigris,21.642343,79.218694,
2574157081,Panthera tigris,tigris,Panthera tigris tigris,29.577274,79.04913,
2573883640,Panthera tigris,tigris,Panthera tigris tigris,22.265493,80.745853,
2573850787,Panthera tigris,tigris,Panthera tigris tigris,26.009877,76.451259,
2563590721,Panthera tigris,tigris,Panthera tigris tigris,26.643361,93.315701,
2563514585,Panthera tigris,tigris,Panthera tigris tigris,26.05856,76.450112,
2557813535,Panthera tigris,tigris,Panthera tigris tigris,26.068382,76.429942,
2557794199,Panthera tigris,tigris,Panthera tigris tigris,22.369153,80.673628,
2550153125,Panthera tigris,tigris,Panthera tigris tigris,27.489753,84.39397,
2550127183,Panthera tigris,tigris,Panthera tigris tigris,25.87599,76.353053,
2549985932,Panthera tigris,tigris,Panthera tigris tigris,26.096514,76.464425,
2543035259,Panthera tigris,tigris,Panthera tigris tigris,26.070612,76.51503,
2540821188,Panthera tigris,tigris,Panthera tigris tigris,20.388259,79.374928,
2518029428,Panthera tigris,tigris,Panthera tigris tigris,27.527313,84.526266,
2517958040,Panthera tigris,tigris,Panthera tigris tigris,16.132991,73.666527,
2465258706,Panthera tigris,tigris,Panthera tigris tigris,26.085737,76.531399,
2465243100,Panthera tigris,tigris,Panthera tigris tigris,26.023415,76.438317,
2465203442,Panthera tigris,tigris,Panthera tigris tigris,26.127126,76.429893,
2465193490,Panthera tigris,tigris,Panthera tigris tigris,26.031025,76.597735,
2445054607,Panthera tigris,tigris,Panthera tigris tigris,12.07545,76.024929,
2444980403,Panthera tigris,tigris,Panthera tigris tigris,11.587684,76.977238,
2444956465,Panthera tigris,tigris,Panthera tigris tigris,15.636135,99.021449,
2429371981,Panthera tigris,tigris,Panthera tigris tigris,29.533793,79.081946,
2429222100,Panthera tigris,tigris,Panthera tigris tigris,26.075486,76.412978,
2423259763,Panthera tigris,tigris,Panthera tigris tigris,25.818253,76.338355,
2423231215,Panthera tigris,tigris,Panthera tigris tigris,22.215198,80.52004,
2423106114,Panthera tigris,tigris,Panthera tigris tigris,29.544092,78.842151,
2366116805,Panthera tigris,tigris,Panthera tigris tigris,26.087083,76.452024,
2350369964,Panthera tigris,tigris,Panthera tigris tigris,26.02323,76.48612,
2331917282,Panthera tigris,tigris,Panthera tigris tigris,10.56054,76.90991,
2311370093,Panthera tigris,tigris,Panthera tigris tigris,25.893169,76.268444,
2311347987,Panthera tigris,tigris,Panthera tigris tigris,11.509999,76.488799,
2311315574,Panthera tigris,tigris,Panthera tigris tigris,26.095167,76.307387,
2310964619,Panthera tigris,tigris,Panthera tigris tigris,29.24,79.28,
2294530110,Panthera tigris,tigris,Panthera tigris tigris,22.553847,78.197385,
2294422946,Panthera tigris,tigris,Panthera tigris tigris,20.250994,79.304759,
2294422928,Panthera tigris,tigris,Panthera tigris tigris,20.27932,79.317464,
2283248607,Panthera tigris,tigris,Panthera tigris tigris,23.702988,81.066508,
2283173201,Panthera tigris,tigris,Panthera tigris tigris,20.325868,79.355395,
2283085521,Panthera tigris,tigris,Panthera tigris tigris,26.047548,76.577231,
2283085349,Panthera tigris,tigris,Panthera tigris tigris,25.887138,76.305428,
2273236323,Panthera tigris,tigris,Panthera tigris tigris,26.083698,76.402135,
2273233975,Panthera tigris,tigris,Panthera tigris tigris,26.150361,76.499054,
2244296784,Panthera tigris,tigris,Panthera tigris tigris,22.287445,80.459253,
2244247680,Panthera tigris,tigris,Panthera tigris tigris,23.607798,81.008478,
2237425975,Panthera tigris,tigris,Panthera tigris tigris,23.723336,80.998591,
2236224451,Panthera tigris,tigris,Panthera tigris tigris,27.465617,84.322609,
2235544125,Panthera tigris,tigris,Panthera tigris tigris,19.970794,78.52363,
2235533978,Panthera tigris,tigris,Panthera tigris tigris,19.962671,78.523817,
2235533321,Panthera tigris,tigris,Panthera tigris tigris,19.828938,78.508334,
2234753895,Panthera tigris,tigris,Panthera tigris tigris,25.987563,76.482832,
2012989347,Panthera tigris,tigris,Panthera tigris tigris,23.75391,81.152205,
2005390098,Panthera tigris,tigris,Panthera tigris tigris,25.864016,76.267634,
2005290930,Panthera tigris,tigris,Panthera tigris tigris,20.5331,79.322178,
1990799772,Panthera tigris,tigris,Panthera tigris tigris,22.0,79.0,
1990591840,Panthera tigris,tigris,Panthera tigris tigris,22.325213,80.582819,
1990591788,Panthera tigris,tigris,Panthera tigris tigris,23.796294,81.100592,
1990497580,Panthera tigris,tigris,Panthera tigris tigris,26.120707,76.35995,
1986622425,Panthera tigris,tigris,Panthera tigris tigris,26.199096,76.56507,
1986622024,Panthera tigris,tigris,Panthera tigris tigris,26.077514,76.40668,
1986546390,Panthera tigris,tigris,Panthera tigris tigris,26.982416,93.108031,
1935612487,Panthera tigris,tigris,Panthera tigris tigris,11.738772,76.582146,
1935609442,Panthera tigris,tigris,Panthera tigris tigris,20.393909,79.224814,
1932321538,Panthera tigris,tigris,Panthera tigris tigris,26.179711,76.445765,
1931510106,Panthera tigris,tigris,Panthera tigris tigris,19.433249,75.453004,
1914234604,Panthera tigris,tigris,Panthera tigris tigris,19.966641,79.585669,
1913675147,Panthera tigris,tigris,Panthera tigris tigris,26.095025,76.44792,
1899807839,Panthera tigris,tigris,Panthera tigris tigris,19.894812,78.514828,
1891347961,Panthera tigris,tigris,Panthera tigris tigris,20.288014,79.328073,
1848787688,Panthera tigris,tigris,Panthera tigris tigris,11.844145,76.263473,
1847450413,Panthera tigris,tigris,Panthera tigris tigris,20.287255,79.278087,
1839229830,Panthera tigris,tigris,Panthera tigris tigris,29.420183,78.999599,
1839210793,Panthera tigris,tigris,Panthera tigris tigris,26.046186,76.565614,
1839208484,Panthera tigris,tigris,Panthera tigris tigris,15.782025,99.353812,
1838420287,Panthera tigris,tigris,Panthera tigris tigris,27.447671,84.56469,
1837777662,Panthera tigris,tigris,Panthera tigris tigris,26.024514,76.475468,
1837757104,Panthera tigris,tigris,Panthera tigris tigris,26.08355,76.476068,
1831129341,Panthera tigris,tigris,Panthera tigris tigris,25.895048,76.555762,
1808079922,Panthera tigris,tigris,Panthera tigris tigris,27.57646,84.359894,
1807324620,Panthera tigris,tigris,Panthera tigris tigris,23.431257,80.546434,
1807285240,Panthera tigris,tigris,Panthera tigris tigris,21.652605,79.345897,
1807285089,Panthera tigris,tigris,Panthera tigris tigris,21.647892,79.347248,
1807285077,Panthera tigris,tigris,Panthera tigris tigris,21.560442,78.929466,
1807285065,Panthera tigris,tigris,Panthera tigris tigris,21.643559,79.291056,
1807285052,Panthera tigris,tigris,Panthera tigris tigris,21.771288,79.334819,
1807284984,Panthera tigris,tigris,Panthera tigris tigris,21.473792,78.928541,
1807284980,Panthera tigris,tigris,Panthera tigris tigris,21.790606,79.276951,
1807284928,Panthera tigris,tigris,Panthera tigris tigris,21.686969,79.364788,
1807284919,Panthera tigris,tigris,Panthera tigris tigris,21.717769,79.220729,
1802741057,Panthera tigris,tigris,Panthera tigris tigris,26.670437,93.39584,
1802741052,Panthera tigris,tigris,Panthera tigris tigris,26.698398,93.356838,
1802741039,Panthera tigris,tigris,Panthera tigris tigris,26.711174,93.294381,
1802740786,Panthera tigris,tigris,Panthera tigris tigris,20.39926,79.235551,
1802725184,Panthera tigris,tigris,Panthera tigris tigris,29.534357,79.033858,
1703187579,Panthera tigris,tigris,Panthera tigris tigris,20.014177,79.344754,
1671735031,Panthera tigris,tigris,Panthera tigris tigris,24.689826,79.806707,
1671722133,Panthera tigris,tigris,Panthera tigris tigris,21.767134,79.286483,
1640133270,Panthera tigris,tigris,Panthera tigris tigris,26.078677,76.427353,
1580488829,Panthera tigris,tigris,Panthera tigris tigris,22.255398,89.507229,
1572327749,Panthera tigris,tigris,Panthera tigris tigris,13.293658,75.717073,
1571055895,Panthera tigris,tigris,Panthera tigris tigris,22.312486,80.588597,
1453447160,Panthera tigris,tigris,Panthera tigris tigris,29.531238,78.994796,
1453292620,Panthera tigris,tigris,Panthera tigris tigris,30.099761,78.387767,
1453255400,Panthera tigris,tigris,Panthera tigris tigris,22.33363,80.732471,
1323027106,Panthera tigris,tigris,Panthera tigris tigris,20.116511,79.436024,
1227717492,Panthera tigris,tigris,Panthera tigris tigris,26.038153,76.235287,
1145765029,Panthera tigris,tigris,Panthera tigris tigris,34.28339040110060,-118.88478609919000,
1143565695,Panthera tigris,tigris,Panthera tigris tigris,23.411507,80.200212,
1132401626,Panthera tigris,tigris,Panthera tigris tigris,23.630025,80.582789,
1099972607,Panthera tigris,tigris,Panthera tigris tigris,29.407227,78.915285,
1098915576,Panthera tigris,tigris,Panthera tigris tigris,26.058141,76.362701,
1098903797,Panthera tigris,tigris,Panthera tigris tigris,26.074049,76.522558,
1092885349,Panthera tigris,tigris,Panthera tigris tigris,20.222588,79.265354,
1045076039,Panthera tigris,tigris,Panthera tigris tigris,25.996315,76.49231,
1038878019,Panthera tigris,tigris,Panthera tigris tigris,29.9488,78.2889,
1038288621,Panthera tigris,tigris,Panthera tigris tigris,22.370401,80.79676,
1020587408,Panthera tigris,tigris,Panthera tigris tigris,30.0636,78.2964,
1020587407,Panthera tigris,tigris,Panthera tigris tigris,30.0636,78.2964,
1020587406,Panthera tigris,tigris,Panthera tigris tigris,29.9862,78.2892,
1020587405,Panthera tigris,tigris,Panthera tigris tigris,30.0636,78.2964,
1020587404,Panthera tigris,tigris,Panthera tigris tigris,30.0636,78.2964,
1020587403,Panthera tigris,tigris,Panthera tigris tigris,30.0636,78.2964,
1020587402,Panthera tigris,tigris,Panthera tigris tigris,29.9592,78.2563,
1020587401,Panthera tigris,tigris,Panthera tigris tigris,30.0717,78.3185,
1020587400,Panthera tigris,tigris,Panthera tigris tigris,30.0636,78.2964,
1020587399,Panthera tigris,tigris,Panthera tigris tigris,29.9685,78.2145,
1020587398,Panthera tigris,tigris,Panthera tigris tigris,29.9937,78.2737,
1020587397,Panthera tigris,tigris,Panthera tigris tigris,29.9702,78.2303,
1020587396,Panthera tigris,tigris,Panthera tigris tigris,29.9827,78.2244,
1020587395,Panthera tigris,tigris,Panthera tigris tigris,30.0834,78.3061,
1020587394,Panthera tigris,tigris,Panthera tigris tigris,29.9702,78.2303,
1020587393,Panthera tigris,tigris,Panthera tigris tigris,30.0007,78.26,
1020587392,Panthera tigris,tigris,Panthera tigris tigris,29.9702,78.2303,
1020587391,Panthera tigris,tigris,Panthera tigris tigris,29.9554,78.2965,
1020587390,Panthera tigris,tigris,Panthera tigris tigris,30.0636,78.2964,
1020587389,Panthera tigris,tigris,Panthera tigris tigris,29.9702,78.2303,
1020587388,Panthera tigris,tigris,Panthera tigris tigris,29.9685,78.2448,
1020587387,Panthera tigris,tigris,Panthera tigris tigris,30.0636,78.2964,
1020587386,Panthera tigris,tigris,Panthera tigris tigris,29.9707,78.262,
1020587385,Panthera tigris,tigris,Panthera tigris tigris,30.0503,78.3091,
1020587384,Panthera tigris,tigris,Panthera tigris tigris,29.9702,78.2303,
1020587383,Panthera tigris,tigris,Panthera tigris tigris,29.9592,78.2563,
1020587382,Panthera tigris,tigris,Panthera tigris tigris,29.9702,78.2303,
1020587381,Panthera tigris,tigris,Panthera tigris tigris,29.9592,78.2563,
1020587380,Panthera tigris,tigris,Panthera tigris tigris,29.9592,78.2563,
1020587379,Panthera tigris,tigris,Panthera tigris tigris,29.9592,78.2563,
1020587378,Panthera tigris,tigris,Panthera tigris tigris,29.9592,78.2563,
1020587377,Panthera tigris,tigris,Panthera tigris tigris,29.9702,78.2303,
1020587376,Panthera tigris,tigris,Panthera tigris tigris,29.9685,78.2145,
1020587375,Panthera tigris,tigris,Panthera tigris tigris,29.9341,78.2912,
1020587374,Panthera tigris,tigris,Panthera tigris tigris,29.9844,78.3078,
1020587373,Panthera tigris,tigris,Panthera tigris tigris,29.9921,78.2737,
1020587372,Panthera tigris,tigris,Panthera tigris tigris,29.9702,78.2303,
1020587371,Panthera tigris,tigris,Panthera tigris tigris,29.9862,78.2892,
1020587370,Panthera tigris,tigris,Panthera tigris tigris,29.9707,78.262,
1020587369,Panthera tigris,tigris,Panthera tigris tigris,30.0636,78.2964,
1020587368,Panthera tigris,tigris,Panthera tigris tigris,29.9702,78.2303,
1020587367,Panthera tigris,tigris,Panthera tigris tigris,29.9702,78.2303,
1020587366,Panthera tigris,tigris,Panthera tigris tigris,30.0636,78.2964,
1020587365,Panthera tigris,tigris,Panthera tigris tigris,29.954,78.2712,
1020587364,Panthera tigris,tigris,Panthera tigris tigris,30.0636,78.2964,
1020587363,Panthera tigris,tigris,Panthera tigris tigris,29.9921,78.2737,
1020587362,Panthera tigris,tigris,Panthera tigris tigris,29.9554,78.2965,
1020587361,Panthera tigris,tigris,Panthera tigris tigris,29.9862,78.2892,
1020587360,Panthera tigris,tigris,Panthera tigris tigris,29.9707,78.262,
1020587359,Panthera tigris,tigris,Panthera tigris tigris,29.9592,78.2563,
1020587358,Panthera tigris,tigris,Panthera tigris tigris,29.9592,78.2563,
1020587357,Panthera tigris,tigris,Panthera tigris tigris,29.9554,78.2965,
1020587356,Panthera tigris,tigris,Panthera tigris tigris,29.9921,78.2737,
1020587355,Panthera tigris,tigris,Panthera tigris tigris,29.9642,78.2861,
1020587354,Panthera tigris,tigris,Panthera tigris tigris,29.9592,78.2563,
1020587353,Panthera tigris,tigris,Panthera tigris tigris,29.9592,78.2563,
1020587352,Panthera tigris,tigris,Panthera tigris tigris,29.8989,78.2766,
1020587351,Panthera tigris,tigris,Panthera tigris tigris,29.9707,78.262,
1020587350,Panthera tigris,tigris,Panthera tigris tigris,29.9592,78.2563,
1020587349,Panthera tigris,tigris,Panthera tigris tigris,29.9554,78.2965,
1020587348,Panthera tigris,tigris,Panthera tigris tigris,29.9844,78.3078,
1020587347,Panthera tigris,tigris,Panthera tigris tigris,29.9592,78.2563,
1020587346,Panthera tigris,tigris,Panthera tigris tigris,29.9862,78.2892,
1020587345,Panthera tigris,tigris,Panthera tigris tigris,29.9554,78.2965,
1020587344,Panthera tigris,tigris,Panthera tigris tigris,29.954,78.2712,
1020587343,Panthera tigris,tigris,Panthera tigris tigris,29.9447,78.271,
1020587342,Panthera tigris,tigris,Panthera tigris tigris,29.9554,78.2965,
1020587341,Panthera tigris,tigris,Panthera tigris tigris,29.9592,78.2563,
1020587340,Panthera tigris,tigris,Panthera tigris tigris,29.9592,78.2563,
1020587339,Panthera tigris,tigris,Panthera tigris tigris,29.9592,78.2563,
1020587338,Panthera tigris,tigris,Panthera tigris tigris,29.9702,78.2303,
1020587337,Panthera tigris,tigris,Panthera tigris tigris,29.954,78.2712,
1020587336,Panthera tigris,tigris,Panthera tigris tigris,29.9447,78.271,
1020587335,Panthera tigris,tigris,Panthera tigris tigris,29.9278,78.2668,
1020587334,Panthera tigris,tigris,Panthera tigris tigris,29.9642,78.2861,
1020587333,Panthera tigris,tigris,Panthera tigris tigris,29.9341,78.2912,
1020587332,Panthera tigris,tigris,Panthera tigris tigris,29.9554,78.2965,
1020587331,Panthera tigris,tigris,Panthera tigris tigris,29.9554,78.2965,
1020587330,Panthera tigris,tigris,Panthera tigris tigris,29.9188,78.274,
1020587329,Panthera tigris,tigris,Panthera tigris tigris,29.9702,78.2303,
1020587328,Panthera tigris,tigris,Panthera tigris tigris,29.9844,78.3078,
1020587327,Panthera tigris,tigris,Panthera tigris tigris,29.9702,78.2303,
1020587326,Panthera tigris,tigris,Panthera tigris tigris,29.9447,78.271,
1020587325,Panthera tigris,tigris,Panthera tigris tigris,30.0006,78.2446,
1020587324,Panthera tigris,tigris,Panthera tigris tigris,29.9341,78.2912,
1020587323,Panthera tigris,tigris,Panthera tigris tigris,29.9592,78.2563,
1020587322,Panthera tigris,tigris,Panthera tigris tigris,29.954,78.2712,
1020587321,Panthera tigris,tigris,Panthera tigris tigris,29.9188,78.274,
1020587320,Panthera tigris,tigris,Panthera tigris tigris,29.9554,78.2965,
1020587319,Panthera tigris,tigris,Panthera tigris tigris,29.9341,78.2912,
1020587318,Panthera tigris,tigris,Panthera tigris tigris,29.9341,78.2912,
1020587317,Panthera tigris,tigris,Panthera tigris tigris,29.9188,78.274,
1020587316,Panthera tigris,tigris,Panthera tigris tigris,29.9554,78.2965,
1020587315,Panthera tigris,tigris,Panthera tigris tigris,29.9431,78.2932,
1020587314,Panthera tigris,tigris,Panthera tigris tigris,29.9554,78.2965,
1020587313,Panthera tigris,tigris,Panthera tigris tigris,29.9592,78.2563,
1020587312,Panthera tigris,tigris,Panthera tigris tigris,29.8989,78.2766,
1020587311,Panthera tigris,tigris,Panthera tigris tigris,29.8989,78.2766,
1020587310,Panthera tigris,tigris,Panthera tigris tigris,29.9341,78.2912,
1020587309,Panthera tigris,tigris,Panthera tigris tigris,29.9341,78.2912,
1020587308,Panthera tigris,tigris,Panthera tigris tigris,29.9309,78.3107,
1020587307,Panthera tigris,tigris,Panthera tigris tigris,29.9188,78.274,
1020587306,Panthera tigris,tigris,Panthera tigris tigris,29.9453,78.3159,
1020587305,Panthera tigris,tigris,Panthera tigris tigris,29.9188,78.274,
1020587304,Panthera tigris,tigris,Panthera tigris tigris,29.9592,78.2563,
1020587303,Panthera tigris,tigris,Panthera tigris tigris,29.8989,78.2766,
1020587302,Panthera tigris,tigris,Panthera tigris tigris,29.912,78.3033,
1020587301,Panthera tigris,tigris,Panthera tigris tigris,29.9453,78.3159,
1020587300,Panthera tigris,tigris,Panthera tigris tigris,29.8989,78.2766,
1020587299,Panthera tigris,tigris,Panthera tigris tigris,29.9554,78.2965,
1020587298,Panthera tigris,tigris,Panthera tigris tigris,29.9554,78.2965,
1020587297,Panthera tigris,tigris,Panthera tigris tigris,29.9387,78.2865,
1020587296,Panthera tigris,tigris,Panthera tigris tigris,29.9188,78.274,
1020587295,Panthera tigris,tigris,Panthera tigris tigris,29.9309,78.3107,
1020587294,Panthera tigris,tigris,Panthera tigris tigris,29.8989,78.2766,
1020587293,Panthera tigris,tigris,Panthera tigris tigris,29.9278,78.2668,
1020587292,Panthera tigris,tigris,Panthera tigris tigris,29.9309,78.3107,
1020587291,Panthera tigris,tigris,Panthera tigris tigris,29.9431,78.2932,
1020587290,Panthera tigris,tigris,Panthera tigris tigris,29.9592,78.2563,
1020587289,Panthera tigris,tigris,Panthera tigris tigris,29.9447,78.271,
1020587288,Panthera tigris,tigris,Panthera tigris tigris,29.912,78.3033,
1020587287,Panthera tigris,tigris,Panthera tigris tigris,29.8641,78.3438,
1020587286,Panthera tigris,tigris,Panthera tigris tigris,29.8989,78.2766,
1020587285,Panthera tigris,tigris,Panthera tigris tigris,29.8989,78.2766,
1020587284,Panthera tigris,tigris,Panthera tigris tigris,29.9554,78.2965,
1020587283,Panthera tigris,tigris,Panthera tigris tigris,29.9309,78.3107,
1020587282,Panthera tigris,tigris,Panthera tigris tigris,29.9974,78.2451,
1020587281,Panthera tigris,tigris,Panthera tigris tigris,29.9974,78.2451,
1020587280,Panthera tigris,tigris,Panthera tigris tigris,29.9079,78.2878,
1020587279,Panthera tigris,tigris,Panthera tigris tigris,29.9341,78.2912,
1020587278,Panthera tigris,tigris,Panthera tigris tigris,29.9685,78.2448,
1020587277,Panthera tigris,tigris,Panthera tigris tigris,29.8989,78.2766,
1020587276,Panthera tigris,tigris,Panthera tigris tigris,29.8989,78.2766,
1020587275,Panthera tigris,tigris,Panthera tigris tigris,29.9188,78.274,
1020587274,Panthera tigris,tigris,Panthera tigris tigris,29.9565,78.2537,
1020587273,Panthera tigris,tigris,Panthera tigris tigris,29.9188,78.274,
1020587272,Panthera tigris,tigris,Panthera tigris tigris,29.8755,78.3104,
1020587271,Panthera tigris,tigris,Panthera tigris tigris,29.9702,78.2304,
1020587270,Panthera tigris,tigris,Panthera tigris tigris,29.8989,78.2766,
1020587269,Panthera tigris,tigris,Panthera tigris tigris,29.9598,78.242,
1020587268,Panthera tigris,tigris,Panthera tigris tigris,29.9188,78.274,
1020587267,Panthera tigris,tigris,Panthera tigris tigris,29.8989,78.2766,
1020587266,Panthera tigris,tigris,Panthera tigris tigris,29.9501,78.2498,
1020587265,Panthera tigris,tigris,Panthera tigris tigris,29.9341,78.2912,
1020587264,Panthera tigris,tigris,Panthera tigris tigris,29.8913,78.2834,
1020587263,Panthera tigris,tigris,Panthera tigris tigris,29.9552,78.2856,
1020587262,Panthera tigris,tigris,Panthera tigris tigris,29.9501,78.2498,
1020587261,Panthera tigris,tigris,Panthera tigris tigris,29.9598,78.242,
1020587260,Panthera tigris,tigris,Panthera tigris tigris,29.9685,78.2145,
1020587259,Panthera tigris,tigris,Panthera tigris tigris,29.93,78.3062,
1020587258,Panthera tigris,tigris,Panthera tigris tigris,29.9647,78.2861,
1020587257,Panthera tigris,tigris,Panthera tigris tigris,29.9807,78.2326,
1020587256,Panthera tigris,tigris,Panthera tigris tigris,29.8989,78.2766,
1020587255,Panthera tigris,tigris,Panthera tigris tigris,29.9431,78.2932,
1020587254,Panthera tigris,tigris,Panthera tigris tigris,29.9501,78.2498,
1020587253,Panthera tigris,tigris,Panthera tigris tigris,29.8915,78.2834,
1020587252,Panthera tigris,tigris,Panthera tigris tigris,29.9414,78.2474,
1020587251,Panthera tigris,tigris,Panthera tigris tigris,29.9341,78.2912,
1020587250,Panthera tigris,tigris,Panthera tigris tigris,29.9566,78.2835,
1020587249,Panthera tigris,tigris,Panthera tigris tigris,29.8989,78.2766,
1020587248,Panthera tigris,tigris,Panthera tigris tigris,29.9034,78.2697,
1020587247,Panthera tigris,tigris,Panthera tigris tigris,29.9251,78.2768,
1020587246,Panthera tigris,tigris,Panthera tigris tigris,29.8703,78.3211,
1020587245,Panthera tigris,tigris,Panthera tigris tigris,29.9079,78.2878,
1020587244,Panthera tigris,tigris,Panthera tigris tigris,29.8976,78.3003,
1020587243,Panthera tigris,tigris,Panthera tigris tigris,29.9702,78.2304,
1020587242,Panthera tigris,tigris,Panthera tigris tigris,29.9079,78.2878,
1020587241,Panthera tigris,tigris,Panthera tigris tigris,29.8755,78.3104,
1020587240,Panthera tigris,tigris,Panthera tigris tigris,29.8703,78.321,
1020587239,Panthera tigris,tigris,Panthera tigris tigris,29.8866,78.3126,
1020587238,Panthera tigris,tigris,Panthera tigris tigris,29.9446,78.2822,
1020587237,Panthera tigris,tigris,Panthera tigris tigris,29.9807,78.2326,
1020587236,Panthera tigris,tigris,Panthera tigris tigris,29.9251,78.2768,
1020587235,Panthera tigris,tigris,Panthera tigris tigris,29.9341,78.2912,
1020587234,Panthera tigris,tigris,Panthera tigris tigris,29.9491,78.2942,
1020587233,Panthera tigris,tigris,Panthera tigris tigris,29.9553,78.2879,
1020587232,Panthera tigris,tigris,Panthera tigris tigris,29.9555,78.2151,
1020587231,Panthera tigris,tigris,Panthera tigris tigris,30.0006,78.2446,
1020587230,Panthera tigris,tigris,Panthera tigris tigris,29.9555,78.2962,
1020587229,Panthera tigris,tigris,Panthera tigris tigris,29.8989,78.2766,
1020587228,Panthera tigris,tigris,Panthera tigris tigris,29.8703,78.321,
1020587227,Panthera tigris,tigris,Panthera tigris tigris,29.9553,78.2879,
1020587226,Panthera tigris,tigris,Panthera tigris tigris,29.8578,78.324,
1020587225,Panthera tigris,tigris,Panthera tigris tigris,29.9566,78.283,
1020587224,Panthera tigris,tigris,Panthera tigris tigris,29.8866,78.3126,
1020587223,Panthera tigris,tigris,Panthera tigris tigris,29.8641,78.3438,
1020587222,Panthera tigris,tigris,Panthera tigris tigris,29.9566,78.283,
1020587221,Panthera tigris,tigris,Panthera tigris tigris,29.9501,78.2498,
1020587220,Panthera tigris,tigris,Panthera tigris tigris,29.8866,78.3126,
1020587219,Panthera tigris,tigris,Panthera tigris tigris,29.9501,78.2498,
1020587218,Panthera tigris,tigris,Panthera tigris tigris,29.9314,78.2989,
1020587217,Panthera tigris,tigris,Panthera tigris tigris,29.9188,78.274,
1020587216,Panthera tigris,tigris,Panthera tigris tigris,29.9553,78.2879,
1020587215,Panthera tigris,tigris,Panthera tigris tigris,29.9555,78.2962,
1020587214,Panthera tigris,tigris,Panthera tigris tigris,29.8866,78.3126,
1020587213,Panthera tigris,tigris,Panthera tigris tigris,29.9555,78.2962,
1020587212,Panthera tigris,tigris,Panthera tigris tigris,29.9553,78.2879,
1020587211,Panthera tigris,tigris,Panthera tigris tigris,29.9308,78.3095,
1020587210,Panthera tigris,tigris,Panthera tigris tigris,29.9435,78.2783,
1020587209,Panthera tigris,tigris,Panthera tigris tigris,29.9566,78.283,
1020587208,Panthera tigris,tigris,Panthera tigris tigris,29.9435,78.2783,
1020587207,Panthera tigris,tigris,Panthera tigris tigris,29.9488,78.2889,
1020587206,Panthera tigris,tigris,Panthera tigris tigris,29.8862,78.3044,
1020587205,Panthera tigris,tigris,Panthera tigris tigris,29.9555,78.2962,
1020587204,Panthera tigris,tigris,Panthera tigris tigris,29.8755,78.3104,
1020587203,Panthera tigris,tigris,Panthera tigris tigris,29.9555,78.2962,
1020587202,Panthera tigris,tigris,Panthera tigris tigris,29.9553,78.2879,
1020587201,Panthera tigris,tigris,Panthera tigris tigris,29.9553,78.2879,
1020587200,Panthera tigris,tigris,Panthera tigris tigris,30.0048,78.2498,
1020587199,Panthera tigris,tigris,Panthera tigris tigris,29.93,78.3062,
1020587198,Panthera tigris,tigris,Panthera tigris tigris,29.9566,78.2835,
1020587197,Panthera tigris,tigris,Panthera tigris tigris,29.9435,78.2783,
1020587196,Panthera tigris,tigris,Panthera tigris tigris,29.9341,78.2912,
1020587195,Panthera tigris,tigris,Panthera tigris tigris,29.9702,78.2304,
1020587194,Panthera tigris,tigris,Panthera tigris tigris,29.9488,78.2889,
1020587193,Panthera tigris,tigris,Panthera tigris tigris,29.9566,78.2835,
1020587192,Panthera tigris,tigris,Panthera tigris tigris,29.8578,78.324,
1020587191,Panthera tigris,tigris,Panthera tigris tigris,29.9555,78.2962,
1020587190,Panthera tigris,tigris,Panthera tigris tigris,29.8999,78.3008,
1020587189,Panthera tigris,tigris,Panthera tigris tigris,29.9308,78.3095,
1020587188,Panthera tigris,tigris,Panthera tigris tigris,29.9308,78.3095,
1020587187,Panthera tigris,tigris,Panthera tigris tigris,29.9435,78.2783,
1020587186,Panthera tigris,tigris,Panthera tigris tigris,29.9308,78.3095,
1020587185,Panthera tigris,tigris,Panthera tigris tigris,29.9491,78.2942,
1020587184,Panthera tigris,tigris,Panthera tigris tigris,29.9811,78.234,
1020587183,Panthera tigris,tigris,Panthera tigris tigris,29.9623,78.2877,
1020587182,Panthera tigris,tigris,Panthera tigris tigris,29.9414,78.2474,
1020587181,Panthera tigris,tigris,Panthera tigris tigris,29.9491,78.2942,
1020587180,Panthera tigris,tigris,Panthera tigris tigris,29.9308,78.3095,
1020587179,Panthera tigris,tigris,Panthera tigris tigris,29.9435,78.2783,
1020587178,Panthera tigris,tigris,Panthera tigris tigris,29.8703,78.321,
1020587177,Panthera tigris,tigris,Panthera tigris tigris,29.9308,78.3095,
1020587176,Panthera tigris,tigris,Panthera tigris tigris,29.9541,78.2226,
1020587175,Panthera tigris,tigris,Panthera tigris tigris,29.9435,78.2783,
1020587174,Panthera tigris,tigris,Panthera tigris tigris,29.9435,78.2783,
1020587173,Panthera tigris,tigris,Panthera tigris tigris,29.9308,78.3095,
1020587172,Panthera tigris,tigris,Panthera tigris tigris,29.9555,78.2962,
1020587171,Panthera tigris,tigris,Panthera tigris tigris,29.9435,78.2783,
1020587170,Panthera tigris,tigris,Panthera tigris tigris,29.9811,78.234,
1020587169,Panthera tigris,tigris,Panthera tigris tigris,29.953,78.2766,
1020587168,Panthera tigris,tigris,Panthera tigris tigris,29.9566,78.2835,
1020587167,Panthera tigris,tigris,Panthera tigris tigris,29.899,78.275,
1020587166,Panthera tigris,tigris,Panthera tigris tigris,29.875,78.3105,
1020587165,Panthera tigris,tigris,Panthera tigris tigris,29.9551,78.2161,
1020587164,Panthera tigris,tigris,Panthera tigris tigris,29.9403,78.2414,
1020587163,Panthera tigris,tigris,Panthera tigris tigris,29.9403,78.2414,
1020587162,Panthera tigris,tigris,Panthera tigris tigris,29.9338,78.2916,
1020587161,Panthera tigris,tigris,Panthera tigris tigris,29.875,78.3105,
1020587160,Panthera tigris,tigris,Panthera tigris tigris,29.963,78.2142,
1020587159,Panthera tigris,tigris,Panthera tigris tigris,29.9435,78.2783,
1020587158,Panthera tigris,tigris,Panthera tigris tigris,29.9435,78.2783,
1020587157,Panthera tigris,tigris,Panthera tigris tigris,29.9685,78.2145,
1020587156,Panthera tigris,tigris,Panthera tigris tigris,29.9811,78.234,
1020587155,Panthera tigris,tigris,Panthera tigris tigris,29.8999,78.3008,
1020587154,Panthera tigris,tigris,Panthera tigris tigris,29.9421,78.2941,
1020587153,Panthera tigris,tigris,Panthera tigris tigris,29.9623,78.2877,
1020587152,Panthera tigris,tigris,Panthera tigris tigris,30.0048,78.2498,
1020587151,Panthera tigris,tigris,Panthera tigris tigris,29.9251,78.2768,
1020587150,Panthera tigris,tigris,Panthera tigris tigris,29.9623,78.2861,
1020587149,Panthera tigris,tigris,Panthera tigris tigris,29.9518,78.269,
1020587148,Panthera tigris,tigris,Panthera tigris tigris,29.9435,78.2783,
1020587147,Panthera tigris,tigris,Panthera tigris tigris,29.9138,78.3074,
1020587146,Panthera tigris,tigris,Panthera tigris tigris,29.9435,78.2783,
1020587145,Panthera tigris,tigris,Panthera tigris tigris,29.9079,78.2878,
1020587144,Panthera tigris,tigris,Panthera tigris tigris,29.9308,78.3095,
1020587143,Panthera tigris,tigris,Panthera tigris tigris,29.9606,78.2102,
1020587142,Panthera tigris,tigris,Panthera tigris tigris,29.9555,78.2962,
1020587141,Panthera tigris,tigris,Panthera tigris tigris,29.914,78.3077,
1020587140,Panthera tigris,tigris,Panthera tigris tigris,29.899,78.275,
1020587139,Panthera tigris,tigris,Panthera tigris tigris,29.9702,78.2319,
1020587135,Panthera tigris,tigris,Panthera tigris tigris,29.9278,78.2668,
1020587134,Panthera tigris,tigris,Panthera tigris tigris,29.8999,78.3008,
1020587133,Panthera tigris,tigris,Panthera tigris tigris,29.9338,78.2916,
1020587130,Panthera tigris,tigris,Panthera tigris tigris,29.9622,78.2877,
1020587129,Panthera tigris,tigris,Panthera tigris tigris,29.9434,78.2445,
1020587128,Panthera tigris,tigris,Panthera tigris tigris,29.9457,78.2934,
1020587127,Panthera tigris,tigris,Panthera tigris tigris,29.9488,78.2889,
1020587126,Panthera tigris,tigris,Panthera tigris tigris,29.8999,78.3008,
1020587125,Panthera tigris,tigris,Panthera tigris tigris,29.8999,78.3008,
1020587123,Panthera tigris,tigris,Panthera tigris tigris,29.9644,78.2483,
1020587122,Panthera tigris,tigris,Panthera tigris tigris,29.9702,78.2319,
1020587121,Panthera tigris,tigris,Panthera tigris tigris,29.9556,78.2977,
1020587119,Panthera tigris,tigris,Panthera tigris tigris,29.9435,78.2783,
1020587118,Panthera tigris,tigris,Panthera tigris tigris,29.9435,78.2783,
1020587117,Panthera tigris,tigris,Panthera tigris tigris,29.9685,78.2145,
1020587115,Panthera tigris,tigris,Panthera tigris tigris,29.9435,78.2783,
1020587114,Panthera tigris,tigris,Panthera tigris tigris,29.9338,78.2916,
1020587113,Panthera tigris,tigris,Panthera tigris tigris,29.9338,78.2916,
1020587112,Panthera tigris,tigris,Panthera tigris tigris,29.9403,78.2414,
1020587110,Panthera tigris,tigris,Panthera tigris tigris,29.97,78.2277,
1020587109,Panthera tigris,tigris,Panthera tigris tigris,29.8988,78.278,
1020587108,Panthera tigris,tigris,Panthera tigris tigris,29.9308,78.3095,
1020587104,Panthera tigris,tigris,Panthera tigris tigris,29.9308,78.3095,
1020587103,Panthera tigris,tigris,Panthera tigris tigris,29.9518,78.269,
1020587098,Panthera tigris,tigris,Panthera tigris tigris,29.9597,78.2296,
1020587094,Panthera tigris,tigris,Panthera tigris tigris,29.8999,78.3008,
1020587093,Panthera tigris,tigris,Panthera tigris tigris,29.97,78.2277,
1020587092,Panthera tigris,tigris,Panthera tigris tigris,29.8915,78.2848,
1020587091,Panthera tigris,tigris,Panthera tigris tigris,29.9533,78.2138,
1020587090,Panthera tigris,tigris,Panthera tigris tigris,29.9128,78.2941,
1020587085,Panthera tigris,tigris,Panthera tigris tigris,29.9403,78.2414,
1020587069,Panthera tigris,tigris,Panthera tigris tigris,29.9316,78.2962,
1020587067,Panthera tigris,tigris,Panthera tigris tigris,29.9434,78.2445,
1020587063,Panthera tigris,tigris,Panthera tigris tigris,29.9316,78.2962,
1019041686,Panthera tigris,tigris,Panthera tigris tigris,40.1667,-83.0833,
1019041017,Panthera tigris,tigris,Panthera tigris tigris,40.1667,-83.0833,
891133763,Panthera tigris,tigris,Panthera tigris tigris,22.279322,80.794905,
891090763,Panthera tigris,tigris,Panthera tigris tigris,26.141612,76.579006,
891090761,Panthera tigris,tigris,Panthera tigris tigris,26.070456,76.435718,
891090756,Panthera tigris,tigris,Panthera tigris tigris,26.086677,76.453471,
891090750,Panthera tigris,tigris,Panthera tigris tigris,22.272353,80.557574,
891090744,Panthera tigris,tigris,Panthera tigris tigris,26.156464,76.437501,
891090735,Panthera tigris,tigris,Panthera tigris tigris,22.247561,80.529767,
891090732,Panthera tigris,tigris,Panthera tigris tigris,22.372436,80.428882,
891090722,Panthera tigris,tigris,Panthera tigris tigris,22.286437,80.548531,
891090702,Panthera tigris,tigris,Panthera tigris tigris,22.377871,80.506919,
891090664,Panthera tigris,tigris,Panthera tigris tigris,22.369661,80.551424,
891039412,Panthera tigris,tigris,Panthera tigris tigris,26.106381,76.476529,
665915230,Panthera tigris,tigris,Panthera tigris tigris,19.41667,80.066673,
665915068,Panthera tigris,tigris,Panthera tigris tigris,19.41667,80.066673,
665915067,Panthera tigris,tigris,Panthera tigris tigris,19.41667,80.066673,
665914777,Panthera tigris,tigris,Panthera tigris tigris,19.41667,80.066673,
665905143,Panthera tigris,tigris,Panthera tigris tigris,29.583315,79.299377,
665801070,Panthera tigris,tigris,Panthera tigris tigris,17.966669,102.599999,
665801069,Panthera tigris,tigris,Panthera tigris tigris,21.683331,102.099999,
665784516,Panthera tigris,tigris,Panthera tigris tigris,21.76667,82.900002,
665720462,Panthera tigris,tigris,Panthera tigris tigris,21.76667,82.900002,